<?xml version="1.0" encoding="UTF-8" standalone="no"?>
<?xml-stylesheet type="text/xsl" href="3.xsl"?>
<classifier><chapter><number>VIII</number><code>H60-H95</code><object><hidden>1</hidden><name-est>Kõrva- ja nibujätkehaigused</name-est><name-lat>Morbi auris et processus mastoidei</name-lat><name-eng>Diseases of the ear and mastoid process</name-eng><add_code></add_code></object><exclude><code>P00-P96</code><text>Sünniperioodis tekkivad teatavad seisundid</text></exclude><exclude><code>A00-B99</code><text>Teatavad nakkus- ja parasiithaigused</text></exclude><exclude><code>O00-O99</code><text>Rasedus, sünnitus ja sünnitusjärgne periood (tüsistused)</text></exclude><exclude><code>Q00-Q99</code><text>Kaasasündinud väärarendid, deformatsioonid ja       kromosoomianomaaliad</text></exclude><exclude><code>E00-E90</code><text>Sisesekretsiooni-, toitumis- ja ainevahetushaigused</text></exclude><exclude><code>S00-T98</code><text>Vigastused, mürgistused ja teatavad muud välispõhjuste toime       tagajärjed</text></exclude><exclude><code>C00-D48</code><text>Kasvajad</text></exclude><exclude><code>R00-R99</code><text>Mujal klassifitseerimata sümptomid, tunnused ja kliiniliste ning       laboratoorsete leidude hälbed</text></exclude><section><code>H60-H62</code><object><hidden>1</hidden><name-est>Väliskõrvahaigused</name-est><name-lat>Morbi auris externae</name-lat><name-eng>Diseases of external ear</name-eng><add_code></add_code></object><subsection><code>H60</code><object><hidden>1</hidden><name-est>Väliskõrvapõletik</name-est><name-lat>Otitis externa</name-lat><name-eng>Otitis externa</name-eng><add_code></add_code></object><item><code>H60.0</code><object><hidden>1</hidden><name-est>Väliskõrvaabstsess e –mädanik</name-est><name-lat>Abscessus auris externae</name-lat><add_code></add_code></object><object><hidden>2</hidden><name-est>Kõrvalesta või välimise kuulmekäigu mädanik</name-est><name-lat>Abscessus auriculae et meatus auditorii             externi</name-lat><add_code></add_code></object><object><hidden>3</hidden><name-est>Kõrvalesta või välimise kuulmekäigu mädamuhk</name-est><name-lat>Carbunculus auriculae et meatus auditorii             externi</name-lat><add_code></add_code></object><object><hidden>4</hidden><name-est>Kõrvalesta või välimise kuulmekäigu paise</name-est><name-lat>Furunculus auriculae et meatus auditorii             externi</name-lat><add_code></add_code></object></item><item><code>H60.1</code><object><hidden>1</hidden><name-est>Väliskõrvatselluliit</name-est><name-lat>Cellulitis auris externae</name-lat><add_code></add_code></object><object><hidden>2</hidden><name-est>Kõrvalesta tselluliit</name-est><name-lat>Cellulitis auriculae</name-lat><add_code></add_code></object><object><hidden>3</hidden><name-est>Välimise kuulmekäigu tselluliit</name-est><name-lat>Cellulitis meatus auditorii externi</name-lat><add_code></add_code></object></item><item><code>H60.2</code><object><hidden>1</hidden><name-est>Pahaloomu[li]ne väliskõrvapõletik</name-est><name-lat>Otitis externa maligna</name-lat><add_code></add_code></object></item><item><code>H60.3</code><object><hidden>1</hidden><name-est>Muu infektsioosne väliskõrvapõletik</name-est><name-lat>Alia otitis externa infectiosa</name-lat><add_code></add_code></object><object><hidden>2</hidden><name-est>Difuusne väliskõrvapõletik</name-est><name-lat>Otitis externa diffusa</name-lat><add_code></add_code></object><object><hidden>3</hidden><name-est>Hemorraagiline väliskõrvapõletik</name-est><name-lat>Otitis externa haemorrhagica</name-lat><add_code></add_code></object><object><hidden>4</hidden><name-est>Ujujakõrv</name-est><name-lat>Auris natatoris</name-lat><add_code></add_code></object></item><item><code>H60.4</code><object><hidden>1</hidden><name-est>Väliskõrva kolesteatoom</name-est><name-lat>Cholesteatoma auris externae</name-lat><add_code></add_code></object><object><hidden>2</hidden><name-est>Väliskõrva (kuulmekäigu) obtureeriv e ummistav             keratoos</name-est><name-lat>Keratosis obturans (meatus auditorii) auris             externi</name-lat><add_code></add_code></object></item><item><code>H60.5</code><object><hidden>1</hidden><name-est>Mitteinfektsioosne äge väliskõrvapõletik</name-est><name-lat>Otitis externa non infectiosa acuta</name-lat><add_code></add_code></object><object><hidden>2</hidden><name-est>Äge teisiti täpsustamata väliskõrvapõletik</name-est><name-lat>Otitis externa acuta NAS</name-lat><add_code></add_code></object><object><hidden>3</hidden><name-est>Äge kiirgus-väliskõrvapõletik</name-est><name-lat>Otitis externa acuta actinica</name-lat><add_code></add_code></object><object><hidden>4</hidden><name-est>Äge keemiline väliskõrvapõletik</name-est><name-lat>Otitis externa acuta chemica</name-lat><add_code></add_code></object><object><hidden>5</hidden><name-est>Äge kontakt-väliskõrvapõletik</name-est><name-lat>Otitis externa acuta ex contactu</name-lat><add_code></add_code></object><object><hidden>6</hidden><name-est>Äge eksematoosne väliskõrvapõletik</name-est><name-lat>Otitis externa acuta eczematosa</name-lat><add_code></add_code></object><object><hidden>7</hidden><name-est>Äge reaktiivne väliskõrvapõletik</name-est><name-lat>Otitis externa acuta reactiva</name-lat><add_code></add_code></object></item><item><code>H60.8</code><object><hidden>1</hidden><name-est>Muu väliskõrvapõletik</name-est><name-lat>Alia otitis externa</name-lat><add_code></add_code></object><object><hidden>2</hidden><name-est>Teisiti täpsustamata krooniline             väliskõrvapõletik</name-est><name-lat>Otitis externa chronica NAS</name-lat><add_code></add_code></object></item><item><code>H60.9</code><object><hidden>1</hidden><name-est>Täpsustamata väliskõrvapõletik</name-est><name-lat>Otitis externa non specificata</name-lat><add_code></add_code></object></item></subsection><subsection><code>H61</code><object><hidden>1</hidden><name-est>Väliskõrva muud haigusseisundid</name-est><name-lat>Aliae morbositates auris externae</name-lat><name-eng>Other disorders of external ear</name-eng><add_code></add_code></object><item><code>H61.0</code><object><hidden>1</hidden><name-est>Väliskõrva perikondriit e kõhreümbrise             põletik</name-est><name-lat>Perichondritis auris externae</name-lat><add_code></add_code></object><object><hidden>2</hidden><name-est>Kõrvapalistuse krooniline sõlmeline             kondrodermatiit</name-est><name-lat>Chondrodermatitis nodularis chronica helicis</name-lat><add_code></add_code></object><object><hidden>3</hidden><name-est>Kõrvalesta perikondriit</name-est><name-lat>Perichondritis auriculae [pinnae]</name-lat><add_code></add_code></object></item><item><code>H61.1</code><object><hidden>1</hidden><name-est>Kõrvalesta mitteinfektsioossed             haigusseisundid</name-est><name-lat>Morbositates non infectiosae auriculae             [pinnae]</name-lat><add_code></add_code></object><object><hidden>2</hidden><name-est>Kõrvalesta omandatud deformsused e moonutised</name-est><name-lat>Deformitates acquisitae auriculae [pinnae]</name-lat><add_code></add_code></object><exclude><code>M95.1</code><text>Lillkapsas-kõrv</text></exclude></item><item><code>H61.2</code><object><hidden>1</hidden><name-est>Vaigukork e vaikummistus</name-est><name-lat>Cerumen impactum</name-lat><add_code></add_code></object><object><hidden>2</hidden><name-est>Vaik kõrvas</name-est><name-lat>Cerumen in aure</name-lat><add_code></add_code></object></item><item><code>H61.3</code><object><hidden>1</hidden><name-est>Väliskuulmekäigu omandatud stenoos</name-est><name-lat>Stenosis acquisita meatus acustici externi</name-lat><add_code></add_code></object><object><hidden>2</hidden><name-est>Väliskuulmekäigu kollaps</name-est><name-lat>Collapsus meatus acustici externi</name-lat><add_code></add_code></object></item><item><code>H61.8</code><object><hidden>1</hidden><name-est>Väliskõrva muud täpsustatud haigusseisundid</name-est><name-lat>Morbositates specificatae meatus acustici             externi</name-lat><add_code></add_code></object><object><hidden>2</hidden><name-est>Väliskuulmekäigu eksostoos</name-est><name-lat>Exostosis meatus acustici externi</name-lat><add_code></add_code></object></item><item><code>H61.9</code><object><hidden>1</hidden><name-est>Väliskõrva täpsustamata haigusseisund</name-est><name-lat>Morbositas non specificata auris externae</name-lat><add_code></add_code></object></item></subsection><subsection><code>H62</code><object type="*"><hidden>1</hidden><name-est>Väliskõrva haigusseisundid mujal klassifitseeritud           haiguste korral</name-est><name-lat>Morbositates auris externae in morbis alibi           classificatis</name-lat><name-eng>Disorders of external ear in diseases classified elsewhere</name-eng><add_code></add_code></object><item><code>H62.0</code><object type="*"><hidden>1</hidden><name-est>Väliskõrvapõletik mujal klassifitseeritud bakterhaiguste             korral</name-est><name-lat>Otitis externa in morbis bacterialibus alibi             classificatis</name-lat><add_code></add_code></object><object type="*"><hidden>2</hidden><name-est>Väliskõrvapõletik erüsiipeli korral</name-est><name-lat>Otitis externa in erysipelate</name-lat><add_code>A46</add_code></object></item><item><code>H62.1</code><object type="*"><hidden>1</hidden><name-est>Väliskõrvapõletik mujal klassifitseeritud viirushaiguste             korral</name-est><name-lat>Otitis externa in morbis viralibus alibi             classificatis</name-lat><add_code></add_code></object><object type="*"><hidden>2</hidden><name-est>Väliskõrvapõletik herpesviirusnakkuse [herpes simplex]             korral</name-est><name-lat>Otitis externa herpeticoviralis</name-lat><add_code>B00.1</add_code></object><object type="*"><hidden>3</hidden><name-est>Väliskõrvapõletik vöötohatise korral</name-est><name-lat>Otitis externa zosterica</name-lat><add_code>B02.8</add_code></object></item><item><code>H62.2</code><object type="*"><hidden>1</hidden><name-est>Väliskõrvapõletik seenhaiguste korral</name-est><name-lat>Otitis externa in mycosibus</name-lat><add_code></add_code></object><object type="*"><hidden>2</hidden><name-est>Väliskõrvaaspergilloos</name-est><name-lat>Aspergillosis auris externae</name-lat><add_code>B44.8</add_code></object><object type="*"><hidden>3</hidden><name-est>Väliskõrva kandidiaas</name-est><name-lat>Candidiasis auris externae</name-lat><add_code>B37.2</add_code></object><object type="*"><hidden>4</hidden><name-est>Teisiti täpsustamata otomükoos e             kõrvaseenhaigus</name-est><name-lat>Otomycosis NAS</name-lat><add_code>B36.9</add_code></object></item><item><code>H62.3</code><object type="*"><hidden>1</hidden><name-est>Väliskõrvapõletik muude mujal klassifitseeritud nakkus-             ja parasiithaiguste korral</name-est><name-lat>Otitis externa in aliis morbis infectiosis et             parasiticis alibi classificatis</name-lat><add_code></add_code></object></item><item><code>H62.4</code><object type="*"><hidden>1</hidden><name-est>Väliskõrvapõletik muude mujal klassifitseeritud haiguste             korral</name-est><name-lat>Otitis externa in aliis morbis alibi             classificatis</name-lat><add_code></add_code></object><object type="*"><hidden>2</hidden><name-est>Väliskõrvapõletik impetiigo korral</name-est><name-lat>Otitis externa impetiginosa</name-lat><add_code>L01.**</add_code></object></item><item><code>H62.8</code><object type="*"><hidden>1</hidden><name-est>Väliskõrva muud haigusseisundid mujal klassifitseeritud             haiguste korral</name-est><name-lat>Aliae morbositates auris externae in morbis alibi             classificatis</name-lat><add_code></add_code></object></item></subsection></section><section><code>H65-H75</code><object><hidden>1</hidden><name-est>Keskkõrva- ja nibujätkehaigused</name-est><name-lat>Morbi auris mediae et processus mastoidei</name-lat><name-eng>Diseases of middle ear and mastoid</name-eng><add_code></add_code></object><subsection><code>H65</code><object><hidden>1</hidden><name-est>Mädata keskkõrvapõletik</name-est><name-lat>Otitis media non suppurativa</name-lat><name-eng>Nonsuppurative otitis media</name-eng><add_code></add_code></object><include><text>Müringiidiga e trummikilepõletikuga</text></include><item><code>H65.0</code><object><hidden>1</hidden><name-est>Äge seroosne keskkõrvapõletik</name-est><name-lat>Otitis media serosa acuta</name-lat><add_code></add_code></object><object><hidden>2</hidden><name-est>Äge ja alaäge sekretoorne keskkõrvapõletik</name-est><name-lat>Otitis media secretoria acuta et subacuta</name-lat><add_code></add_code></object></item><item><code>H65.1</code><object><hidden>1</hidden><name-est>Äge ja alaäge allergiline (mukoosne; sangvinoosne;             seroosne) keskkõrvapõletik</name-est><name-lat>Otitis media acuta et subacuta allergica (mucosa;             sanguinosa; serosa)</name-lat><add_code></add_code></object><object><hidden>2</hidden><name-est>Äge ja alaäge mukoosne e limane             keskkõrvapõletik</name-est><name-lat>Otitis media acuta et subacuta mucosa</name-lat><add_code></add_code></object><object><hidden>3</hidden><name-est>Äge ja alaäge teisiti täpsustamata mädata             keskkõrvapõletik</name-est><name-lat>Otitis media acuta et subacuta non suppurativa             NAS</name-lat><add_code></add_code></object><object><hidden>4</hidden><name-est>Äge ja alaäge sangvinoosne e verine             keskkõrvapõletik</name-est><name-lat>Otitis media acuta et subacuta sanguinosa</name-lat><add_code></add_code></object><object><hidden>5</hidden><name-est>Äge ja alaäge seromukoosne e serooslimane             keskkõrvapõletik</name-est><name-lat>Otitis media acuta et subacuta seromucosa</name-lat><add_code></add_code></object><exclude><code>T70.0</code><text>Kõrva barotrauma</text></exclude><exclude><code>H66.9</code><text>Teisiti täpsustamata (äge) keskkõrvapõletik</text></exclude></item><item><code>H65.2</code><object><hidden>1</hidden><name-est>Krooniline seroosne keskkõrvapõletik</name-est><name-lat>Otitis media serosa chronica</name-lat><add_code></add_code></object><object><hidden>2</hidden><name-est>Krooniline tubotümpanaalne katarr</name-est><name-lat>Catarrhus tubotympanalis chronicus</name-lat><add_code></add_code></object></item><item><code>H65.3</code><object><hidden>1</hidden><name-est>Krooniline limane e mukoosne keskkõrvapõletik</name-est><name-lat>Otitis media mucosa chronica</name-lat><add_code></add_code></object><object><hidden>2</hidden><name-est>Kleepuv e liimkõrv</name-est><name-lat>Auris glutinosa</name-lat><add_code></add_code></object><object><hidden>3</hidden><name-est>Krooniline (limane; sekretoorne; transudatiivne)             keskkõrvapõletik</name-est><name-lat>Otitis media (mucosa; secretoria; transsudativa)             chronica</name-lat><add_code></add_code></object><exclude><code>H74.1</code><text>Adhesiivne keskkõrvahaigus</text></exclude></item><item><code>H65.4</code><object><hidden>1</hidden><name-est>Muu krooniline mädata keskkõrvapõletik</name-est><name-lat>Alia otitis media chronica non suppurativa</name-lat><add_code></add_code></object><object><hidden>2</hidden><name-est>Krooniline allergiline keskkõrvapõletik</name-est><name-lat>Otitis media chronica allergica</name-lat><add_code></add_code></object><object><hidden>3</hidden><name-est>Krooniline eksudatiivne keskkõrvapõletik</name-est><name-lat>Otitis media chronica exsudativa</name-lat><add_code></add_code></object><object><hidden>4</hidden><name-est>Krooniline teisiti täpsustamata mädata             keskkõrvapõletik</name-est><name-lat>Otitis media chronica non suppurativa NAS</name-lat><add_code></add_code></object><object><hidden>5</hidden><name-est>Krooniline seromukoosne keskkõrvapõletik</name-est><name-lat>Otitis media chronica seromucosa</name-lat><add_code></add_code></object><object><hidden>6</hidden><name-est>Krooniline väljavoolusega (mädata)             keskkõrvapõletik</name-est><name-lat>Otitis media chronica cum effusione (non             purulenta)</name-lat><add_code></add_code></object></item><item><code>H65.9</code><object><hidden>1</hidden><name-est>Täpsustamata mädata keskkõrvapõletik</name-est><name-lat>Otitis media non purulenta non specificata</name-lat><add_code></add_code></object><object><hidden>2</hidden><name-est>Allergiline keskkõrvapõletik</name-est><name-lat>Otitis media allergica</name-lat><add_code></add_code></object><object><hidden>3</hidden><name-est>Katarraalne keskkõrvapõletik</name-est><name-lat>Otitis media catarrhalis</name-lat><add_code></add_code></object><object><hidden>4</hidden><name-est>Eksudatiivne keskkõrvapõletik</name-est><name-lat>Otitis media exsudativa</name-lat><add_code></add_code></object><object><hidden>5</hidden><name-est>Limane keskkõrvapõletik</name-est><name-lat>Otitis media mucosa</name-lat><add_code></add_code></object><object><hidden>6</hidden><name-est>Sekretoorne keskkõrvapõletik</name-est><name-lat>Otitis media secretoria</name-lat><add_code></add_code></object><object><hidden>7</hidden><name-est>Seromukoosne keskkõrvapõletik</name-est><name-lat>Otitis media seromucosa</name-lat><add_code></add_code></object><object><hidden>8</hidden><name-est>Seroosne keskkõrvapõletik</name-est><name-lat>Otitis media serosa</name-lat><add_code></add_code></object><object><hidden>9</hidden><name-est>Transudatiivne keskkõrvapõletik</name-est><name-lat>Otitis media transsudativa</name-lat><add_code></add_code></object><object><hidden>10</hidden><name-est>Väljavooluga (mädata) keskkõrvapõletik</name-est><name-lat>Otitis media cum effusione (non purulenta)</name-lat><add_code></add_code></object></item></subsection><subsection><code>H66</code><object><hidden>1</hidden><name-est>Mädane ja täpsustamata keskkõrvapõletik</name-est><name-lat>Otitis media suppurativa et non specificata</name-lat><name-eng>Suppurative and unspecified otitis media</name-eng><add_code></add_code></object><include><text>Müringiidiga</text></include><item><code>H66.0</code><object><hidden>1</hidden><name-est>Äge mädane keskkõrvapõletik</name-est><name-lat>Otitis media purulenta acuta</name-lat><add_code></add_code></object></item><item><code>H66.1</code><object><hidden>1</hidden><name-est>Krooniline tubotümpaaniline mädane             keskkõrvapõletik</name-est><name-lat>Otitis media tubotympanica suppurativa             chronica</name-lat><add_code></add_code></object><object><hidden>2</hidden><name-est>Healoomu[li]ne krooniline mädane             keskkõrvapõletik</name-est><name-lat>Otitis media suppurativa chronica benigna</name-lat><add_code></add_code></object><object><hidden>3</hidden><name-est>Krooniline tubotümpaaniline haigus</name-est><name-lat>Morbus tubotympanicus chronicus</name-lat><add_code></add_code></object></item><item><code>H66.2</code><object><hidden>1</hidden><name-est>Krooniline atikoantraalne mädane             keskkõrvapõletik</name-est><name-lat>Otitis media atticoantralis suppurativa             chronica</name-lat><add_code></add_code></object><object><hidden>2</hidden><name-est>Krooniline atikoantraalhaigus</name-est><name-lat>Morbus atticoantralis chronicus</name-lat><add_code></add_code></object></item><item><code>H66.3</code><object><hidden>1</hidden><name-est>Muu krooniline mädane keskkõrvapõletik</name-est><name-lat>Alia otitis media suppurativa chronica</name-lat><add_code></add_code></object><object><hidden>2</hidden><name-est>Teisiti täpsustamata krooniline mädane             keskkõrvapõletik</name-est><name-lat>Otitis media suppurativa chronica NAS</name-lat><add_code></add_code></object></item><item><code>H66.4</code><object><hidden>1</hidden><name-est>Täpsustamata mädane keskkõrvapõletik</name-est><name-lat>Otitis media suppurativa non specificata</name-lat><add_code></add_code></object><object><hidden>2</hidden><name-est>Teisiti täpsustamata mädane keskkõrvapõletik</name-est><name-lat>Otitis media suppurativa NAS</name-lat><add_code></add_code></object></item><item><code>H66.9</code><object><hidden>1</hidden><name-est>Täpsustamata keskkõrvapõletik</name-est><name-lat>Otitis media non specificata</name-lat><add_code></add_code></object><object><hidden>2</hidden><name-est>Teisiti täpsustamata keskkõrvapõletik</name-est><name-lat>Otitis media NAS</name-lat><add_code></add_code></object><object><hidden>3</hidden><name-est>Äge teisiti täpsustamata keskkõrvapõletik</name-est><name-lat>Otitis media acuta NAS</name-lat><add_code></add_code></object><object><hidden>4</hidden><name-est>Krooniline teisiti täpsustamata             keskkõrvapõletik</name-est><name-lat>Otitis media chronica NAS</name-lat><add_code></add_code></object></item></subsection><subsection><code>H67</code><object type="*"><hidden>1</hidden><name-est>Keskkõrvapõletik mujal klassifitseeritud haiguste           korral</name-est><name-lat>Otitis media in morbis alibi classificatis</name-lat><name-eng>Otitis media in diseases classified elsewhere</name-eng><add_code></add_code></object><item><code>H67.0</code><object type="*"><hidden>1</hidden><name-est>Keskkõrvapõletik mujal klassifitseeritud bakterhaiguste             korral</name-est><name-lat>Otitis media in morbis bacterialibus alibi             classificatis</name-lat><add_code></add_code></object><object type="*"><hidden>2</hidden><name-est>Keskkõrvapõletik sarlakite korral</name-est><name-lat>Otitis media in scarlatina</name-lat><add_code>A38</add_code></object><object type="*"><hidden>3</hidden><name-est>Keskkõrvapõletik tuberkuloosi korral</name-est><name-lat>Otitis media in tuberculosi</name-lat><add_code>A18.6</add_code></object></item><item><code>H67.1</code><object type="*"><hidden>1</hidden><name-est>Keskkõrvapõletik mujal klassifitseeritud viirushaiguste             korral</name-est><name-lat>Otitis media in morbis viralibus alibi             classificatis</name-lat><add_code></add_code></object><object type="*"><hidden>2</hidden><name-est>Keskkõrvapõletik gripi korral</name-est><name-lat>Otitis media in influenza</name-lat><add_code>J09-J11</add_code></object><object type="*"><hidden>3</hidden><name-est>Keskkõrvapõletik leetrite korral</name-est><name-lat>Otitis media in morbillis</name-lat><add_code>B05.3</add_code></object></item><item><code>H67.8</code><object type="*"><hidden>1</hidden><name-est>Keskkõrvapõletik muude mujal klassifitseeritud haiguste             korral</name-est><name-lat>Otitis media in aliis morbis alibi             classificatis</name-lat><add_code></add_code></object></item></subsection><subsection><code>H68</code><object><hidden>1</hidden><name-est>Eustahhiit e kuulmetõrvepõletik ja –ummistus</name-est><name-lat>Otosalpingitis cum obstructione</name-lat><name-eng>Eustachian salpingitis and obstruction</name-eng><add_code></add_code></object><item><code>H68.0</code><object><hidden>1</hidden><name-est>Kuulmetõrvepõletik</name-est><name-lat>Otosalpingitis</name-lat><add_code></add_code></object></item><item><code>H68.1</code><object><hidden>1</hidden><name-est>Kuulmetõrveummistus</name-est><name-lat>Obstructio tubae auditivae</name-lat><add_code></add_code></object><object><hidden>2</hidden><name-est>Kuulmetõrve kompressioon</name-est><name-lat>Compressio tubae auditivae</name-lat><add_code></add_code></object><object><hidden>3</hidden><name-est>Kuulmetõrve stenoos</name-est><name-lat>Stenosis tubae auditivae</name-lat><add_code></add_code></object><object><hidden>4</hidden><name-est>Kuulmetõrve striktuur</name-est><name-lat>Strictura tubae auditivae</name-lat><add_code></add_code></object></item></subsection><subsection><code>H69</code><object><hidden>1</hidden><name-est>Kuulmetõrve muud haigusseisundid</name-est><name-lat>Aliae morbositates tubae auditivae</name-lat><name-eng>Other disorders of Eustachian tube</name-eng><add_code></add_code></object><item><code>H69.0</code><object><hidden>1</hidden><name-est>Avali kuulmetõri</name-est><name-lat>Tuba auditiva patula</name-lat><add_code></add_code></object></item><item><code>H69.8</code><object><hidden>1</hidden><name-est>Kuulmetõrve muud täpsustatud haigusseisundid</name-est><name-lat>Aliae morbositates specificatae tubae             auditivae</name-lat><add_code></add_code></object></item><item><code>H69.9</code><object><hidden>1</hidden><name-est>Kuulmetõrve täpsustamata haigusseisund</name-est><name-lat>Morbositas tubae auditivae non specificata</name-lat><add_code></add_code></object></item></subsection><subsection><code>H70</code><object><hidden>1</hidden><name-est>Mastoidiit e nibujätkepõletik ja sellega seonduvad           haigusseisundid</name-est><name-lat>Mastoiditis et condiciones cognatae</name-lat><name-eng>Mastoiditis and related conditions</name-eng><add_code></add_code></object><item><code>H70.0</code><object><hidden>1</hidden><name-est>Äge mastoidiit e nibujätkepõletik</name-est><name-lat>Mastoiditis acuta</name-lat><add_code></add_code></object><object><hidden>2</hidden><name-est>Nibujätkeabstsess</name-est><name-lat>Abscessus processus mastoidei</name-lat><add_code></add_code></object><object><hidden>3</hidden><name-est>Nibujätkeempüeem</name-est><name-lat>Empyema processus mastoidei</name-lat><add_code></add_code></object></item><item><code>H70.1</code><object><hidden>1</hidden><name-est>Krooniline nibujätkepõletik</name-est><name-lat>Mastoiditis chronica</name-lat><add_code></add_code></object><object><hidden>2</hidden><name-est>Nibujätkekaaries</name-est><name-lat>Caries processus mastoidei</name-lat><add_code></add_code></object><object><hidden>3</hidden><name-est>Nibujätkeuuris e -fistul</name-est><name-lat>Fistula processus mastoidei</name-lat><add_code></add_code></object></item><item><code>H70.2</code><object><hidden>1</hidden><name-est>Petrosiit e kaljuosapõletik</name-est><name-lat>Petrositis</name-lat><add_code></add_code></object><object><hidden>2</hidden><name-est>Kaljuosa (äge; krooniline) põletik</name-est><name-lat>Inflammatio (acuta; chronica) partis petrosae</name-lat><add_code></add_code></object></item><item><code>H70.8</code><object><hidden>1</hidden><name-est>Muu mastoidiit ja sellega seonduvad seisundid</name-est><name-lat>Alia mastoiditis et condiciones cognatae</name-lat><add_code></add_code></object></item><item><code>H70.9</code><object><hidden>1</hidden><name-est>Täpsustamata mastoidiit</name-est><name-lat>Mastoiditis non specificata</name-lat><add_code></add_code></object></item></subsection><subsection><code>H71</code><object><hidden>1</hidden><name-est>Keskkõrva kolesteatoom e pärlkasvaja</name-est><name-lat>Cholesteatoma auris mediae</name-lat><name-eng>Cholesteatoma of middle ear</name-eng><add_code></add_code></object><object><hidden>2</hidden><name-est>Trummiõõne kolesteatoom</name-est><name-lat>Cholesteatoma tympani</name-lat><add_code></add_code></object><exclude><code>H60.4</code><text>Väliskõrva kolesteatoom</text></exclude><exclude><code>H95.0</code><text>Mastoidektoomiajärgse õõne korduv kolesteatoom</text></exclude></subsection><subsection><code>H72</code><object><hidden>1</hidden><name-est>Trummikile perforatsioon e mulgustus</name-est><name-lat>Perforatio membranae tympani</name-lat><name-eng>Perforation of tympanic membrane</name-eng><add_code></add_code></object><include><text>Püsiv traumajärgne trummikileperforatsioon</text></include><include><text>Põletikujärgne trummikileperforatsioon</text></include><exclude><code>S09.2</code><text>Traumaatiline trummikilerebend</text></exclude><item><code>H72.0</code><object><hidden>1</hidden><name-est>Trummikile tsentraalne perforatsioon</name-est><name-lat>Perforatio centralis membranae tympani</name-lat><add_code></add_code></object></item><item><code>H72.1</code><object><hidden>1</hidden><name-est>Trummikile epitümpaansopise perforatsioon</name-est><name-lat>Perforatio attici membranae tympani</name-lat><add_code></add_code></object><object><hidden>2</hidden><name-est>Trummikile lõtvosa perforatsioon</name-est><name-lat>Perforatio partis flaccidae membranae tympani</name-lat><add_code></add_code></object></item><item><code>H72.2</code><object><hidden>1</hidden><name-est>Trummikile muud servmised perforatsioonid</name-est><name-lat>Aliae perforationes marginales membranae             tympani</name-lat><add_code></add_code></object></item><item><code>H72.8</code><object><hidden>1</hidden><name-est>Trummikile muud perforatsioonid</name-est><name-lat>Aliae perforationes membranae tympani</name-lat><add_code></add_code></object><object><hidden>2</hidden><name-est>Trummikile hulgiperforatsioon(id)</name-est><name-lat>Perforatio(nes) multiples membranae tympani</name-lat><add_code></add_code></object><object><hidden>3</hidden><name-est>Trummikile totaalne perforatsioon</name-est><name-lat>Perforatio(nes) totalis membranae tympani</name-lat><add_code></add_code></object></item><item><code>H72.9</code><object><hidden>1</hidden><name-est>Täpsustamata trummikileperforatsioon</name-est><name-lat>Perforatio membranae tympani non specificata</name-lat><add_code></add_code></object></item></subsection><subsection><code>H73</code><object><hidden>1</hidden><name-est>Trummikile muud haigusseisundid</name-est><name-lat>Aliae morbositates membranae tympani</name-lat><name-eng>Other disorders of tympanic membrane</name-eng><add_code></add_code></object><item><code>H73.0</code><object><hidden>1</hidden><name-est>Äge müringiit</name-est><name-lat>Myringitis acuta</name-lat><add_code></add_code></object><object><hidden>2</hidden><name-est>Äge tümpaniit e trummikilepõletik</name-est><name-lat>Tympanitis acuta</name-lat><add_code></add_code></object><object><hidden>3</hidden><name-est>Bulloosne müringiit</name-est><name-lat>Myringitis bullosa</name-lat><add_code></add_code></object><exclude><code>H65-H66</code><text>Keskkõrvapõletikuga</text></exclude></item><item><code>H73.1</code><object><hidden>1</hidden><name-est>Krooniline müringiit</name-est><name-lat>Myringitis chronica</name-lat><add_code></add_code></object><object><hidden>2</hidden><name-est>Krooniline tümpaniit e trummikilepõletik</name-est><name-lat>Tympanitis chronica</name-lat><add_code></add_code></object><exclude><code>H65-H66</code><text>Keskkõrvapõletikuga</text></exclude></item><item><code>H73.8</code><object><hidden>1</hidden><name-est>Trummikile muud täpsustatud haigusseisundid</name-est><name-lat>Aliae morbositates specificatae membranae             tympani</name-lat><add_code></add_code></object></item><item><code>H73.9</code><object><hidden>1</hidden><name-est>Trummikile täpsustamata haigusseisund</name-est><name-lat>Morbositas non specificata membranae tympani</name-lat><add_code></add_code></object></item></subsection><subsection><code>H74</code><object><hidden>1</hidden><name-est>Keskkõrva ja nibujätke muud haigusseisundid</name-est><name-lat>Aliae morbositates auris mediae et processus           mastoidei</name-lat><name-eng>Other disorders of middle ear and mastoid</name-eng><add_code></add_code></object><item><code>H74.0</code><object><hidden>1</hidden><name-est>Tümpanoskleroos</name-est><name-lat>Tympanosclerosis</name-lat><add_code></add_code></object></item><item><code>H74.1</code><object><hidden>1</hidden><name-est>Adhesiivne keskkõrvahaigus</name-est><name-lat>Morbus adhaesivus auris mediae</name-lat><add_code></add_code></object><object><hidden>2</hidden><name-est>Adhesiivne otiit</name-est><name-lat>Otitis adhaesiva</name-lat><add_code></add_code></object><exclude><code>H65.3</code><text>Liimkõrv</text></exclude></item><item><code>H74.2</code><object><hidden>1</hidden><name-est>Kuulmeluukeste seosekatkestus ja nihestus</name-est><name-lat>Discontinuitas et luxatio ossiculorum auditus</name-lat><add_code></add_code></object></item><item><code>H74.3</code><object><hidden>1</hidden><name-est>Muud kuulmeluukeste omandatud anomaaliad</name-est><name-lat>Aliae abnormitates acquisitae ossiculorum             auditus</name-lat><add_code></add_code></object><object><hidden>2</hidden><name-est>Kuulmeluukeste anküloos</name-est><name-lat>Ankylosis ossiculorum auditus</name-lat><add_code></add_code></object><object><hidden>3</hidden><name-est>Kuulmeluukeste osaline puudumine</name-est><name-lat>Absentia partialis ossiculorum auditus</name-lat><add_code></add_code></object></item><item><code>H74.4</code><object><hidden>1</hidden><name-est>Keskkõrvapolüüp</name-est><name-lat>Polypus auris mediae</name-lat><add_code></add_code></object></item><item><code>H74.8</code><object><hidden>1</hidden><name-est>Keskkõrva ja nibujätke muud täpsustatud             haigusseisundid</name-est><name-lat>Aliae morbositates specificatae auris mediae et             processus mastoidei</name-lat><add_code></add_code></object></item><item><code>H74.9</code><object><hidden>1</hidden><name-est>Keskkõrva ja nibujätke täpsustamata             haigusseisund</name-est><name-lat>Morbositas auris mediae et processus mastoidei non             specificata</name-lat><add_code></add_code></object></item></subsection><subsection><code>H75</code><object type="*"><hidden>1</hidden><name-est>Keskkõrva ja nibujätke muud haigusseisundid mujal           klassifitseeritud haiguste korral</name-est><name-lat>Aliae morbositates auris mediae et processus mastoidei in           morbis alibi classificatis</name-lat><name-eng>Other disorders of middle ear and mastoid in diseases           classified elsewhere</name-eng><add_code></add_code></object><item><code>H75.0</code><object type="*"><hidden>1</hidden><name-est>Nibujätkepõletik mujal klassifitseeritud nakkus- ja             parasiithaiguste korral</name-est><name-lat>Mastoiditis in morbis infectiosis et parasiticis alibi             classificatis</name-lat><add_code></add_code></object><object type="*"><hidden>2</hidden><name-est>Tuberkuloosne nibujätkepõletik</name-est><name-lat>Mastoiditis tuberculosa</name-lat><add_code>A18.0</add_code></object></item><item><code>H75.8</code><object type="*"><hidden>1</hidden><name-est>Keskkõrva ja nibujätke muud täpsustatud haigusseisundid             mujal klassifitseeritud haiguste korral</name-est><name-lat>Aliae morbositates specificatae auris mediae et             processus mastoidei in morbis alibi classificatis</name-lat><add_code></add_code></object></item></subsection></section><section><code>H80-H83</code><object><hidden>1</hidden><name-est>Sisekõrvahaigused</name-est><name-lat>Morbi auris internae</name-lat><name-eng>Diseases of inner ear</name-eng><add_code></add_code></object><subsection><code>H80</code><object><hidden>1</hidden><name-est>Otoskleroos e kõrvakõvastus</name-est><name-lat>Otosclerosis</name-lat><name-eng>Otosclerosis</name-eng><add_code></add_code></object><include><text>Otospongioos</text></include><item><code>H80.0</code><object><hidden>1</hidden><name-est>Ovaalakent haarav mitteoblitereeriv             otoskleroos</name-est><name-lat>Otosclerosis fenestram ovalem amplectens non             obliterans</name-lat><add_code></add_code></object></item><item><code>H80.1</code><object><hidden>1</hidden><name-est>Ovaalakent haarav oblitereeriv otoskleroos</name-est><name-lat>Otosclerosis fenestram ovalem amplectens             obliterans</name-lat><add_code></add_code></object></item><item><code>H80.2</code><object><hidden>1</hidden><name-est>Kohleaarne otoskleroos</name-est><name-lat>Otosclerosis cochlearis</name-lat><add_code></add_code></object><object><hidden>2</hidden><name-est>Kõrva luukapslit haarav otoskleroos</name-est><name-lat>Otosclerosis amplectens capsulam oticam</name-lat><add_code></add_code></object><object><hidden>3</hidden><name-est>Ümarakent haarav otoskleroos</name-est><name-lat>Otosclerosis amplectens fenestram rotundam</name-lat><add_code></add_code></object></item><item><code>H80.8</code><object><hidden>1</hidden><name-est>Muu otoskleroos</name-est><name-lat>Alia otosclerosis</name-lat><add_code></add_code></object></item><item><code>H80.9</code><object><hidden>1</hidden><name-est>Täpsustamata otoskleroos</name-est><name-lat>Otosclerosis non specificata</name-lat><add_code></add_code></object></item></subsection><subsection><code>H81</code><object><hidden>1</hidden><name-est>Vestibulaarfunktsiooni e esikutalitluse häired</name-est><name-lat>Perturbationes functionis vestibularis</name-lat><name-eng>Disorders of vestibular function</name-eng><add_code></add_code></object><exclude><code>R42</code><text>Teisiti täpsustamata peapööritus</text></exclude><exclude><code>A88.1</code><text>Epideemiline pearööritus</text></exclude><item><code>H81.0</code><object><hidden>1</hidden><name-est>Ménière'i tõbi</name-est><name-lat>Morbus Ménière</name-lat><add_code></add_code></object><object><hidden>2</hidden><name-est>Labürindi hüdrops e turse</name-est><name-lat>Hydrops labyrinthi</name-lat><add_code></add_code></object><object><hidden>3</hidden><name-est>Ménière'i sündroom e peapööritus</name-est><name-lat>Syndroma Ménière sive vertigo</name-lat><add_code></add_code></object></item><item><code>H81.1</code><object><hidden>1</hidden><name-est>Healoomu[li]ne paroksüsmaalne peapööritus e             vertiigo</name-est><name-lat>Vertigo paroxysmalis benigna</name-lat><add_code></add_code></object></item><item><code>H81.2</code><object><hidden>1</hidden><name-est>Vestibulaarne neuroniit</name-est><name-lat>Neuronitis vestibularis</name-lat><add_code></add_code></object></item><item><code>H81.3</code><object><hidden>1</hidden><name-est>Muu perifeerne peapööritus</name-est><name-lat>Alia vertigo peripherica</name-lat><add_code></add_code></object><object><hidden>2</hidden><name-est>Lermoyez' sündroom</name-est><name-lat>Syndroma Lermoyez</name-lat><add_code></add_code></object><object><hidden>3</hidden><name-est>Auraalne peapööritus</name-est><name-lat>Vertigo auralis</name-lat><add_code></add_code></object><object><hidden>4</hidden><name-est>Otogeenne peapööritus</name-est><name-lat>Vertigo otogenes</name-lat><add_code></add_code></object><object><hidden>5</hidden><name-est>Teisiti täpsustamata perifeerne peapööritus</name-est><name-lat>Vertigo peripherica NAS</name-lat><add_code></add_code></object></item><item><code>H81.4</code><object><hidden>1</hidden><name-est>Tsentraalset päritolu peapööritus</name-est><name-lat>Vertigo origine centrali</name-lat><add_code></add_code></object><object><hidden>2</hidden><name-est>Tsentraalne asendinüstagm</name-est><name-lat>Nystagmus centralis positionalis</name-lat><add_code></add_code></object></item><item><code>H81.8</code><object><hidden>1</hidden><name-est>Vestibulaarfunktsiooni muud haigusseisundid</name-est><name-lat>Aliae morbositates functionis vestibularis</name-lat><add_code></add_code></object></item><item><code>H81.9</code><object><hidden>1</hidden><name-est>Vestibulaarfunktsiooni täpsustamata             haigusseisund</name-est><name-lat>Morbositas functionis vestibularis non             specificata</name-lat><add_code></add_code></object><object><hidden>2</hidden><name-est>Teisiti täpsustamata peapööritussündroom</name-est><name-lat>Syndroma vertiginosum NAS</name-lat><add_code></add_code></object></item></subsection><subsection><code>H82</code><object type="*"><hidden>1</hidden><name-est>Peapööritussündroomid mujal klassifitseeritud haiguste           korral</name-est><name-lat>Syndromata vertiginosa in morbis alibi           classificatis</name-lat><name-eng>Vertiginous syndromes in diseases classified elsewhere</name-eng><add_code></add_code></object></subsection><subsection><code>H83</code><object><hidden>1</hidden><name-est>Sisekõrva muud haigused</name-est><name-lat>Alii morbi auris internae</name-lat><name-eng>Other diseases of inner ear</name-eng><add_code></add_code></object><item><code>H83.0</code><object><hidden>1</hidden><name-est>Labürintiit</name-est><name-lat>Labyrinthitis</name-lat><add_code></add_code></object></item><item><code>H83.1</code><object><hidden>1</hidden><name-est>Labürindifistul e –uuris</name-est><name-lat>Fistula labyrinthina</name-lat><add_code></add_code></object></item><item><code>H83.2</code><object><hidden>1</hidden><name-est>Labürindi düsfunktsioon</name-est><name-lat>Dysfunctio labyrinthi</name-lat><add_code></add_code></object><object><hidden>2</hidden><name-est>Labürindi ülitundlikkus</name-est><name-lat>Hypersensibilitas labyrinthi</name-lat><add_code></add_code></object><object><hidden>3</hidden><name-est>Labürindi hüpofunktsioon</name-est><name-lat>Hypofunctio labyrinthi</name-lat><add_code></add_code></object><object><hidden>4</hidden><name-est>Labürindi funktsioonipuue</name-est><name-lat>Amissio functionis labyrinthi</name-lat><add_code></add_code></object></item><item><code>H83.3</code><object><hidden>1</hidden><name-est>Müra toime sisekõrvasse</name-est><name-lat>Actio sonoris in aurem internam</name-lat><add_code></add_code></object><object><hidden>2</hidden><name-est>Akustiline trauma</name-est><name-lat>Trauma acusticum</name-lat><add_code></add_code></object><object><hidden>3</hidden><name-est>Müratekkene kuulmisnõrkus</name-est><name-lat>Hypacusis ex sonore</name-lat><add_code></add_code></object></item><item><code>H83.8</code><object><hidden>1</hidden><name-est>Sisekõrva muud täpsustatud haigused</name-est><name-lat>Alii morbi specificati auris internae</name-lat><add_code></add_code></object></item><item><code>H83.9</code><object><hidden>1</hidden><name-est>Sisekõrva täpsustamata haigus</name-est><name-lat>Morbus non specificatus auris internae</name-lat><add_code></add_code></object></item></subsection></section><section><code>H90-H95</code><object><hidden>1</hidden><name-est>Kõrva muud haigusseisundid</name-est><name-lat>Aliae morbositates auris</name-lat><name-eng>Other disorders of ear</name-eng><add_code></add_code></object><subsection><code>H90</code><object><hidden>1</hidden><name-est>Konduktiivne e juhtivuse ja neurosensoorne           kuulmisnõrkus</name-est><name-lat>Hypacusia conductiva et sensorineuralis</name-lat><name-eng>Conductive and sensorineural hearing loss</name-eng><add_code></add_code></object><include><text>Kaasasündinud kurtus</text></include><exclude><code>H91.3</code><text>Mujal klassifitseerimata kurttummus</text></exclude><exclude><code>H91.9</code><text>Teisiti täpsustamata kurtus</text></exclude><exclude><code>H91.9</code><text>Teisiti täpsustamata kuulmisnõrkus</text></exclude><exclude><code>H83.3</code><text>Müratekkene kuulmisnõrkus</text></exclude><exclude><code>H91.0</code><text>Ototoksiline kuulmisnõrkus</text></exclude><exclude><code>H91.2</code><text>Idiopaatiline e äkk-kuulmisnõrkus</text></exclude><item><code>H90.0</code><object><hidden>1</hidden><name-est>Kahepoolne konduktiivne kuulmisnõrkus</name-est><name-lat>Hypacusia conductiva bilateralis</name-lat><add_code></add_code></object></item><item><code>H90.1</code><object><hidden>1</hidden><name-est>Ühepoolne konduktiivne kuulmisnõrkus teise kõrva             normaalse kuulmise korral</name-est><name-lat>Hypacusia conductiva unilateralis aure opposita             normaliter audiente</name-lat><add_code></add_code></object></item><item><code>H90.2</code><object><hidden>1</hidden><name-est>Täpsustamata konduktiivne kuulmisnõrkus</name-est><name-lat>Hypacusia conductiva non specificata</name-lat><add_code></add_code></object><object><hidden>2</hidden><name-est>Teisiti täpsustamata konduktiivne kurtus</name-est><name-lat>Surditas conductiva NAS</name-lat><add_code></add_code></object></item><item><code>H90.3</code><object><hidden>1</hidden><name-est>Kahepoolne neurosensoorne kuulmisnõrkus</name-est><name-lat>Hypacusia sensorineuralis bilateralis</name-lat><add_code></add_code></object></item><item><code>H90.4</code><object><hidden>1</hidden><name-est>Ühepoolne neurosensoorne kuulmisnõrkus teise kõrva             normaalse kuulmise korral</name-est><name-lat>Hypacusia sensorineuralis unilateralis aure opposita             normaliter audiente</name-lat><add_code></add_code></object></item><item><code>H90.5</code><object><hidden>1</hidden><name-est>Täpsustamata neurosensoorne kuulmisnõrkus</name-est><name-lat>Hypacusia sensorineuralis non specificata</name-lat><add_code></add_code></object><object><hidden>2</hidden><name-est>Teisiti täpsustamata kaasasündinud kurtus</name-est><name-lat>Surditas congenitalis NAS</name-lat><add_code></add_code></object><object><hidden>3</hidden><name-est>Teisiti täpsustamata tsentraalne             kuulmisnõrkus</name-est><name-lat>Hypacusia centralis NAS</name-lat><add_code></add_code></object><object><hidden>4</hidden><name-est>Teisiti täpsustamata neuraalne kuulmisnõrkus</name-est><name-lat>Hypacusia neuralis NAS</name-lat><add_code></add_code></object><object><hidden>5</hidden><name-est>Teisiti täpsustamata pertseptiivne             kuulmisnõrkus</name-est><name-lat>Hypacusia perceptiva NAS</name-lat><add_code></add_code></object><object><hidden>6</hidden><name-est>Teisiti täpsustamata sensoorne kuulmisnõrkus</name-est><name-lat>Hypacusia sensoria NAS</name-lat><add_code></add_code></object><object><hidden>7</hidden><name-est>Teisiti täpsustamata neurosensoorne kurtus</name-est><name-lat>Surditas sensorineuralis NAS</name-lat><add_code></add_code></object></item><item><code>H90.6</code><object><hidden>1</hidden><name-est>Kahepoolne segatüüpi konduktiivne ja neurosensoorne             kuulmisnõrkus</name-est><name-lat>Hypacusia conductiva et sensorineuralis mixta             bilateralis</name-lat><add_code></add_code></object></item><item><code>H90.7</code><object><hidden>1</hidden><name-est>Ühepoolne segatüüpi konduktiivne ja neurosensoorne             kuulmisnõrkus teise kõrva normaalse kuulmise korral</name-est><name-lat>Hypacusia conductiva et sensorineuralis mixta             unilateralis aure opposita normaliter audiente</name-lat><add_code></add_code></object></item><item><code>H90.8</code><object><hidden>1</hidden><name-est>Täpsustamata segatüüpi konduktiivne ja neurosensoorne             kuulmisnõrkus</name-est><name-lat>Hypacusia conductiva et sensorineuralis mixta non             specificata</name-lat><add_code></add_code></object></item></subsection><subsection><code>H91</code><object><hidden>1</hidden><name-est>Muu kuulmisnõrkus</name-est><name-lat>Alia hypacusia</name-lat><name-eng>Other hearing loss</name-eng><add_code></add_code></object><exclude><code>H93.2</code><text>Anomaalsed kuulmisaistingud</text></exclude><exclude><code></code><text>H90 all klassifitseeritud kuulmisnõrkus</text></exclude><exclude><code>H61.2</code><text>Vaigukork</text></exclude><exclude><code>H83.3</code><text>Müratekkene kuulmisnõrkus</text></exclude><exclude><code>F44.6</code><text>Psühhogeenne kurtus</text></exclude><exclude><code>H93.0</code><text>Mööduv isheemiline kurtus</text></exclude><item><code>H91.0</code><object><hidden>1</hidden><name-est>Ototoksiline kuulmisnõrkus</name-est><name-lat>Hypacusia ototoxica</name-lat><add_code></add_code></object><notice>Soovi korral kasutada välispõhjuste lisakoodi (XX ptk)           toksilise toimuri identifitseerimiseks</notice></item><item><code>H91.1</code><object><hidden>1</hidden><name-est>Vanaduskuulmisnõrkus e presbüakuus</name-est><name-lat>Presbyacusia</name-lat><add_code></add_code></object></item><item><code>H91.2</code><object><hidden>1</hidden><name-est>Idiopaatiline äkk-kuulmisnõrkus</name-est><name-lat>Hypacusia idiopathica subita</name-lat><add_code></add_code></object><object><hidden>2</hidden><name-est>Teisiti täpsustamata äkk-kuulmisnõrkus</name-est><name-lat>Hypacusia subita NAS</name-lat><add_code></add_code></object></item><item><code>H91.3</code><object><hidden>1</hidden><name-est>Mujal klassifitseerimata kurttummus</name-est><name-lat>Surdomutitas non alibi classificata</name-lat><add_code></add_code></object></item><item><code>H91.8</code><object><hidden>1</hidden><name-est>Muu täpsustatud kuulmisnõrkus</name-est><name-lat>Alia hypacusia specificata</name-lat><add_code></add_code></object></item><item><code>H91.9</code><object><hidden>1</hidden><name-est>Täpsustamata kuulmisnõrkus</name-est><name-lat>Hypacusia non specificata</name-lat><add_code></add_code></object><object><hidden>2</hidden><name-est>Teisiti täpsustamata kurtus</name-est><name-lat>Surditas NAS</name-lat><add_code></add_code></object><object><hidden>3</hidden><name-est>Kõrgsageduskurtus</name-est><name-lat>Surditas altae frequentiae</name-lat><add_code></add_code></object><object><hidden>4</hidden><name-est>Madalsageduskurtus</name-est><name-lat>Surditas humilis frequentiae</name-lat><add_code></add_code></object></item></subsection><subsection><code>H92</code><object><hidden>1</hidden><name-est>Otalgia e kõrvavalu ja kõrvaefusioon e –voolus</name-est><name-lat>Otalgia et otorrhoea</name-lat><name-eng>Otalgia and effusion of ear</name-eng><add_code></add_code></object><item><code>H92.0</code><object><hidden>1</hidden><name-est>Kõrvavalu e otalgia</name-est><name-lat>Otalgia [otodynia]</name-lat><add_code></add_code></object></item><item><code>H92.1</code><object><hidden>1</hidden><name-est>Kõrvavoolus e otorröa</name-est><name-lat>Otorrhoea</name-lat><add_code></add_code></object><exclude><code>G96.0</code><text>Tserebrospinaalvedeliku e -liikvori leke kõrva kaudu</text></exclude></item><item><code>H92.2</code><object><hidden>1</hidden><name-est>Kõrvaverejooks e otorraagia</name-est><name-lat>Otorrhagia</name-lat><add_code></add_code></object><exclude><code>kodeerida vastavalt vigastuse tüübile</code><text>Traumaatiline otorraagia</text></exclude></item></subsection><subsection><code>H93</code><object><hidden>1</hidden><name-est>Kõrva mujal klassifitseerimata muud           haigusseisundid</name-est><name-lat>Aliae morbositates auris non alibi           classificatae</name-lat><name-eng>Other disorders of ear, not elsewhere classified</name-eng><add_code></add_code></object><item><code>H93.0</code><object><hidden>1</hidden><name-est>Kõrva degeneratiivsed ja vaskulaarsed             haigusseisundid</name-est><name-lat>Morbositates degenerativae et vasculares             auris</name-lat><add_code></add_code></object><object><hidden>2</hidden><name-est>Mööduv isheemiline kurtus</name-est><name-lat>Surditas ishaemica transitoria</name-lat><add_code></add_code></object><exclude><code>H91.1</code><text>Presbüakuus</text></exclude></item><item><code>H93.1</code><object><hidden>1</hidden><name-est>Kõrvavile e tinnitus</name-est><name-lat>Tinnitus</name-lat><add_code></add_code></object></item><item><code>H93.2</code><object><hidden>1</hidden><name-est>Muud anomaalsed kuulmisaistingud</name-est><name-lat>Aliae perceptiones auditoriae abnormes</name-lat><add_code></add_code></object><object><hidden>2</hidden><name-est>Kiirenenud helivaljenemise fenomeen</name-est><name-lat>Hyperacusia crescens</name-lat><add_code></add_code></object><object><hidden>3</hidden><name-est>Kahelikuulmine e diplakuus</name-est><name-lat>Diplacusis</name-lat><add_code></add_code></object><object><hidden>4</hidden><name-est>Ülikuulmiserksus e hüperakuus</name-est><name-lat>Hyperacusia</name-lat><add_code></add_code></object><object><hidden>5</hidden><name-est>Kuulmisläve ajutine nihkumine</name-est><name-lat>Demotio temporaria limitis acusticae</name-lat><add_code></add_code></object><exclude><code>R44.0</code><text>Kuulmishallutsinatsioonid</text></exclude></item><item><code>H93.3</code><object><hidden>1</hidden><name-est>Esiku-teonärvi haigusseisundid</name-est><name-lat>Morbositates nervi vestibulocochlearis</name-lat><add_code></add_code></object><object><hidden>2</hidden><name-est>8da kraniaalnärvi haigusseisundid</name-est><name-lat>Morbositates nervi cranialis octavi (VIII)</name-lat><add_code></add_code></object></item><item><code>H93.8</code><object><hidden>1</hidden><name-est>Kõrva muud täpsustatud haigusseisundid</name-est><name-lat>Aliae morbositates specificatae auris</name-lat><add_code></add_code></object></item><item><code>H93.9</code><object><hidden>1</hidden><name-est>Kõrva täpsustamata haigusseisund</name-est><name-lat>Morbositas auris non specificata</name-lat><add_code></add_code></object></item></subsection><subsection><code>H94</code><object type="*"><hidden>1</hidden><name-est>Kõrva muud haigusseisundid mujal klassifitseeritud           haiguste korral</name-est><name-lat>Aliae morbositates auris in morbis alibi           classificatis</name-lat><name-eng>Other disorders of ear in diseases classified elsewhere</name-eng><add_code></add_code></object><item><code>H94.0</code><object type="*"><hidden>1</hidden><name-est>Esiku-teonärvi neuriit mujal klassifitseeritud nakkus-             ja parasiithaiguste korral</name-est><name-lat>Neuritis vestibulocochlearis in morbis infectiosis et             parasiticis alibi classificatis</name-lat><add_code></add_code></object><object type="*"><hidden>2</hidden><name-est>Esiku-teonärvi neuriit süüfilise korral</name-est><name-lat>Neuritis vestibulocochlearis in syphilide</name-lat><add_code>A52.1</add_code></object></item><item><code>H94.8</code><object type="*"><hidden>1</hidden><name-est>Kõrva muud täpsustatud haigusseisundid mujal             klassifitseeritud haiguste korral</name-est><name-lat>Aliae morbositates auris specificatae in morbis alibi             classificatis</name-lat><add_code></add_code></object></item></subsection><subsection><code>H95</code><object><hidden>1</hidden><name-est>Kõrva ja nibujätke menetlusjärgsed mujal           klassifitseerimata haigusseisundid</name-est><name-lat>Morbositates auris et processus mastoidei post           interventiones non alibi classificatae</name-lat><name-eng>Postprocedural disorders of ear and mastoid process, not           elsewhere classified</name-eng><add_code></add_code></object><item><code>H95.0</code><object><hidden>1</hidden><name-est>Mastoidektoomiajärgse õõne korduv             kolesteatoom</name-est><name-lat>Cholesteatoma recurrens cavitatis post             mastoidectomiam</name-lat><add_code></add_code></object></item><item><code>H95.1</code><object><hidden>1</hidden><name-est>Mastoidektoomiajärgsed muud haigusseisundid</name-est><name-lat>Aliae morbositates post mastoidectomiam</name-lat><add_code></add_code></object><object><hidden>2</hidden><name-est>Mastoidektoomiajärgse õõne krooniline põletik</name-est><name-lat>Inflammatio chronica cavitatis post             mastoidectomiam</name-lat><add_code></add_code></object><object><hidden>3</hidden><name-est>Mastoidektoomiajärgse õõne granulatsioon</name-est><name-lat>Granulatio cavitatis post mastoidectomiam</name-lat><add_code></add_code></object><object><hidden>4</hidden><name-est>Mastoidektoomiajärgse õõne limatsüst</name-est><name-lat>Cysta mucosa cavitatis post mastoidectomiam</name-lat><add_code></add_code></object></item><item><code>H95.8</code><object><hidden>1</hidden><name-est>Kõrva ja nibujätke muud menetlusjärgsed             haigusseisundid</name-est><name-lat>Aliae morbositates post interventiones auris et             processus mastoidei</name-lat><add_code></add_code></object></item><item><code>H95.9</code><object><hidden>1</hidden><name-est>Kõrva ja nibujätke täpsustamata menetlusjärgne             haigusseisund</name-est><name-lat>Morbositas post interventionem auris et processus             mastoidei non specificata</name-lat><add_code></add_code></object></item></subsection></section></chapter></classifier>