<?xml version="1.0" encoding="UTF-8" standalone="no"?>
<?xml-stylesheet type="text/xsl" href="index.xsl"?>
<classifier><chapter><number>I</number><code>A00-B99</code><name-est>Teatavad nakkus- ja parasiithaigused</name-est></chapter><chapter><number>II</number><code>C00-D48</code><name-est>Kasvajad</name-est></chapter><chapter><number>III</number><code>D50-D89</code><name-est>Vere- ja vereloomeelundite haigused ning teatavad immuunmehhanismidega seotud haigusseisundid</name-est></chapter><chapter><number>IV</number><code>E00-E90</code><name-est>Sisesekretsiooni-, toitumis- ja ainevahetushaigused</name-est></chapter><chapter><number>V</number><code>F00-F99</code><name-est>Psüühika- ja käitumishäired</name-est></chapter><chapter><number>VI</number><code>G00-G99</code><name-est>Närvisüsteemihaigused</name-est></chapter><chapter><number>VII</number><code>H00-H59</code><name-est>Silma- ja silmamanuste haigused</name-est></chapter><chapter><number>VIII</number><code>H60-H95</code><name-est>Kõrva- ja nibujätkehaigused</name-est></chapter><chapter><number>IX</number><code>I00-I99</code><name-est>Vereringeelundite haigused</name-est></chapter><chapter><number>X</number><code>J00-J99</code><name-est>Hingamiselundite haigused</name-est></chapter><chapter><number>XI</number><code>K00-K93</code><name-est>Seedeelundite haigused</name-est></chapter><chapter><number>XII</number><code>L00-L99</code><name-est>Naha- ja nahaaluskoe haigused</name-est></chapter><chapter><number>XIII</number><code>M00-M99</code><name-est>Lihasluukonna ja sidekoehaigused</name-est></chapter><chapter><number>XIV</number><code>N00-N99</code><name-est>Kuse-suguelundite haigused</name-est></chapter><chapter><number>XV</number><code>O00-O99</code><name-est>Rasedus, sünnitus ja sünnitusjärgne periood</name-est></chapter><chapter><number>XVI</number><code>P00-P99</code><name-est>Perinataal- e sünniperioodis tekkivad teatavad seisundid</name-est></chapter><chapter><number>XVII</number><code>Q00-Q99</code><name-est>Kaasasündinud väärarendid, deformatsioonid ja kromosoomianomaaliad</name-est></chapter><chapter><number>XVIII</number><code>R00-R99</code><name-est>Mujal klassifitseerimata sümptomid, tunnused ja kliiniliste ning laboratoorsete leidude hälbed</name-est></chapter><chapter><number>XIX</number><code>S00-T98</code><name-est>Vigastused, mürgistused ja teatavad muud välispõhjuste toime tagajärjed</name-est></chapter><chapter><number>XX</number><code>V01-Y99</code><name-est>Haigestumise ja surma välispõhjused</name-est></chapter><chapter><number>XXI</number><code>Z00-Z99</code><name-est>Terviseseisundit mõjustavad tegurid ja kontaktid terviseteenistusega</name-est></chapter><chapter><number>XXII</number><code>U00-U99</code><name-est>Koodid spetsiifiliste eesmärkide jaoks</name-est></chapter></classifier>