﻿<?xml version="1.0" encoding="UTF-8" standalone="no"?>
<?xml-stylesheet type="text/xsl" href="3.xsl"?>

<classifier>
	<chapter>
		<number>XXII</number><code>U00-U99</code>
		<object>
			<hidden>1</hidden><name-est>Koodid spetsiifiliste eesmärkide jaoks</name-est>
			<name-lat>Codes for special purposes</name-lat><name-eng>Codes for special purposes</name-eng><add_code></add_code>
		</object>
		<section>
			<code>U00-U49</code>
			<object>
				<hidden>1</hidden><name-est>Ebakindla etioloogiaga uute haiguste ajutised määrangud</name-est>
				<name-lat>Provisional assignment of new diseases of uncertain etiology</name-lat>
				<name-eng>Provisional assignment of new diseases of uncertain etiology</name-eng><add_code></add_code>
			</object>
			<notice>Neid kategooriad ei tule põhikodeerimisel kunagi kasutada. Neid kasutatakse täiendavate või lisakoodidena siis, kui soovitakse määratleda antibiootikumi, mille suhtes bakteriaalne tekitaja on mingi bakteriaalse infektsiooni korral resistentne. </notice>
			<subsection>
				<code>U04</code>
				<object>
					<hidden>1</hidden><name-est>Äge raskekujuline respiratoorne sündroom, SARS</name-est>
					<name-lat>Syndroma respiratoria acuta difficilis</name-lat>
					<name-eng>Severe acute respiratory syndrome [SARS]</name-eng><add_code></add_code>
				</object>
				<item>
					<code>U04.9</code>
					<object>
						<hidden>1</hidden><name-est>Teisiti täpsustamata äge raskekujuline respiratoorne sündroom</name-est>
						<name-lat>Syndroma respiratoria acuta difficilis, non specificata</name-lat><add_code></add_code>
					</object>
				</item>
			</subsection>
			<subsection>
				<code>U07</code>
				<object>
					<hidden>1</hidden><name-est>U07 erakorraline kasutamine</name-est>
					<name-eng>Emergency use of U07</name-eng><add_code></add_code>
				</object>
				<item>
					<code>U07.1</code>
					<object>
						<hidden>1</hidden><name-est>COVID-19, laboratoorselt kinnitatud</name-est>
						<name-eng>COVID-19, virus identified</name-eng><add_code></add_code>
					</object>
					<exclude>
						<code>B34.2</code><text>Täpsustamata koroonaviirusnakkus</text>
					</exclude>
					<exclude>
						<code>B97.2</code><text>Koroonaviirus mujal klassifitseeritud haiguste tekitajana</text>
					</exclude>
					<exclude>
						<code>U04.9</code><text>Teisiti täpsustamata äge raskekujuline respiratoorne sündroom</text>
					</exclude>
				</item>
				<item>
					<code>U07.2</code>
					<object>
						<hidden>1</hidden><name-est>COVID-19, laboratoorselt kinnitamata</name-est>
						<name-eng>COVID-19, virus not identified</name-eng><add_code></add_code>
					</object>
					<exclude>
						<code>B34.2</code><text>Täpsustamata koroonaviirusnakkus</text>
					</exclude>
					<exclude>
						<code></code><text>COVID-19:</text>
					</exclude>
					<exclude>
						<code>U07.1</code><text>COVID-19, laboratoorselt kinnitatud</text>
					</exclude>
					<exclude>
						<code>Z11.5</code><text>Eri-sõeluuring muude viirushaiguste avastamiseks</text>
					</exclude>
					<exclude>
						<code>Z03.8</code><text>Jälgimine muude kahtlustatud haiguste ja seisundite suhtes</text>
					</exclude>
				</item>
			</subsection>
            <subsection>
				<code>U08</code>
				<object>
					<hidden>1</hidden><name-est>COVID-19 anamneesis</name-est>
					<name-eng>Personal history of COVID-19</name-eng><add_code></add_code>
				</object>
                <item>
					<code>U08.9</code>
					<object>
						<hidden>1</hidden><name-est>COVID-19 anamneesis, täpsustamata</name-est>
						<name-eng>Personal history of COVID-19, unspecified</name-eng><add_code></add_code>
					</object>
                    <notice>Seda koodi kasutage inimese praegust terviseseisundit mõjutava kinnitatud või tõenäoliselt läbipõetud COVID-19 dokumenteerimisel või näiteks patsiendi ühest raviasutusest teise üleviimisel peale nakkusohtliku perioodi möödumist. Aitab eristada patsiente, kes ei vaja täiendavat testimist vastavalt Terviseameti COVID-19 isolatsiooninõuete kriteeriumite juhendile. Seda koodi ei kasutata surma algpõhjuse kodeerimiseks.</notice>
				</item>
			</subsection>
            <subsection>
				<code>U09</code>
				<object>
					<hidden>1</hidden><name-est>COVID-19 järgne seisund</name-est>
					<name-eng>Post COVID-19 condition</name-eng><add_code></add_code>
				</object>
				<item>
					<code>U09.9</code>
					<object>
						<hidden>1</hidden><name-est>COVID-19 järgne seisund, täpsustamata</name-est>
						<name-eng>Post COVID-19 condition, unspecified</name-eng><add_code></add_code>
					</object>
                    <notice>Selle koodiga saab luua seose COVID-19 läbipõdemisega. Koodi ei  kasutata juhtudel, kui inimene on COVID-19 haige.  Kasutage kaasuva diagnoosina COVID-19 põdemisega seotud püsiva seisundi kirjeldamiseks nt anosmia, hingamispuudulikkus jne.</notice>
				</item>
			</subsection>
            <subsection>
				<code>U10</code>
				<object>
					<hidden>1</hidden><name-est>COVID-19 tekkeline süsteemne põletikuline sündroom</name-est>
					<name-eng>Multisystem inflammatory syndrome associated with COVID-19</name-eng><add_code></add_code>
				</object>
				<item>
					<code>U10.9</code>
					<object>
						<hidden>1</hidden><name-est>COVID-19 tekkeline süsteemne põletikuline sündroom, täpsustamata</name-est>
						<name-eng>Multisystem inflammatory syndrome associated with COVID-19, unspecified</name-eng><add_code></add_code>
					</object>
                    <object>
						<hidden>2</hidden><name-est>COVID-19 tekkeline hüpertsütokineemia (tsütokiinitorm)</name-est><add_code></add_code>
					</object>
                    <object>
						<hidden>2</hidden><name-est>COVID-19 tekkeline Kawasaki-tüüpi sündroom</name-est><add_code></add_code>
					</object>
                    <object>
						<hidden>2</hidden><name-est>COVID-19 tekkeline lapseea süsteemne põletikuline sündroom (PIMS, MIS-C)</name-est><add_code></add_code>
					</object>
                    <object>
						<hidden>2</hidden><name-est>COVID-19 tekkeline täiskasvanute süsteemne põletikuline sündroom (MIS-A)</name-est><add_code></add_code>
					</object>
                    <exclude>
						<code>M30.3</code><text>Limaskesta-naha-lümfisõlme sündroom [Kawasaki]</text>
					</exclude>
				</item>
			</subsection>
            <subsection>
				<code>U11</code>
				<object>
					<hidden>1</hidden><name-est>Immuniseerimise vajadus COVID-19 vastu</name-est>
					<name-eng>Need for immunization against COVID-19</name-eng><add_code></add_code>
				</object>
				<item>
					<code>U11.9</code>
					<object>
						<hidden>1</hidden><name-est>Immuniseerimise vajadus COVID-19 vastu, täpsustamata</name-est>
						<name-eng>Need for immunization against COVD-19, unspecified</name-eng><add_code></add_code>
					</object>
                    <object>
						<hidden>2</hidden><name-est>Profülaktiline COVID-19 vastu immuniseerimine</name-est>
                        <name-eng>Prophylactic COVID-19 vaccination</name-eng><add_code></add_code>
					</object>
                    <notice>Seda koodi ei kasutata rahvusvaheliseks võrdluseks ega surma algpõhjuse kodeerimiseks. Koodi kasutakse, kui inimene – olgu haige või terve – kohtub tervishoiuteenuse osutajaga COVID-19 vastu vaktsiini saamiseks (immuniseerimiseks).</notice>
                    <exclude>
						<code>Z28.**</code><text>Teostamata immuniseerimine</text>
					</exclude>
				</item>
			</subsection>
            <subsection>
				<code>U12</code>
				<object>
					<hidden>1</hidden><name-est>COVID-19 vaktsiini põhjustatud soovimatu mõju</name-est>
					<name-eng>COVID-19 vaccines causing adverse effects in therapeutic use</name-eng><add_code></add_code>
				</object>
				<item>
					<code>U12.9</code>
					<object>
						<hidden>1</hidden><name-est>COVID-19 vaktsiini põhjustatud soovimatu mõju, täpsustamata</name-est>
						<name-eng>COVID-19 vaccines causing adverse effects in therapeutic use, unspecified</name-eng><add_code></add_code>
					</object>
                    <notice>Kasutage välispõhjuse kodeerimiseks (s.o Y59 Muud ja täpsustamata vaktsiinid ja bioloogilised ained alamkategooriana). Lisaks kasutage mõne teise peatüki koodi, mis kirjeldab soovimatu mõju olemust. Seda koodi kasutage juhul, kui COVID-19 vaktsiini korrektne ja profülaktiline manustamine põhjustas soovimatu mõju.</notice>
				</item>
			</subsection>
		</section>
	</chapter>
</classifier>